Metric	Stats	P-value
faith_pd	0.991701038897769	0.0904915116983479
shannon	0.894543933626529	1.38566043020386E-13
observed_features	0.969258836888238	5.13249658482486E-06
